{
  "Id": "614fc7a5-40f0-45ab-637f-08d9c6087beb",
  "BotId": "488dd96b-6d6d-4998-7a35-08d9c6c8b63d",
  "Name": "kamalvin999",
  "Category": "",
  "Description": "All settings",
  "ProviderName": "DRUID",
  "ProviderIcon": "g",
  "Version": "1.0.0",
  "Metadata": [
    {
      "Entity": {
        "TenantId": 1859,
        "Tenant": null,
        "Schedule": null,
        "SourceId": "0f04c460-150b-4b0e-b7f6-fcf6a1c5ad0f",
        "Name": "Weather",
        "IsAlert": false,
        "IsPullInfo": false,
        "IsReport": false,
        "IsTask": false,
        "IsForm": false,
        "IsDruidTemplate": false,
        "IsAutoStart": false,
        "IsAuthenticationFlow": false,
        "IsAuthenticationRequired": false,
        "IsScheduled": false,
        "Description": "Weather",
        "Utterances": "Welcome|Hello|Good Morning|Good Evening|Good Afternoon|Hi",
        "ParentFlowId": null,
        "Category": "Weather",
        "FlowSteps": [
          {
            "FlowId": "a81ebeba-eda7-45eb-a0a1-08d9c60cb0dc",
            "Name": "Starting Step",
            "Type": "M",
            "IsFirstStep": false,
            "IsLastStep": false,
            "IsDruidTemplate": false,
            "Message": "Hi I am a Weather Robot",
            "MessageSpeak": null,
            "Metadata": "{}",
            "InputMapping": null,
            "ContextualMapping": null,
            "Flow": null,
            "SubFlowId": null,
            "SubFlow": null,
            "NextSteps": [
              {
                "CurrentStepId": "431e7010-539f-440e-4858-08d9c6071cce",
                "NextStepId": "2affeadd-972b-40e8-485d-08d9c6071cce",
                "Condition": null,
                "NextFlowStep": null,
                "IsSystemManaged": false,
                "Translations": [],
                "TenantId": 1859,
                "Tenant": null,
                "Id": "97ff60eb-2761-42b7-6035-08d9c6071cd0"
              }
            ],
            "Steps1": [],
            "Translations": [],
            "TenantId": 1859,
            "Tenant": null,
            "IsRepeater": false,
            "RepeaterCollection": null,
            "Attachments": null,
            "IsSkippable": false,
            "IsBlockingInput": false,
            "IsContextualMapping": false,
            "IsWhatsAppMessage": false,
            "IsConfidential": false,
            "Id": "431e7010-539f-440e-4858-08d9c6071cce"
          },
          {
            "FlowId": "a81ebeba-eda7-45eb-a0a1-08d9c60cb0dc",
            "Name": "Nice Meeting",
            "Type": "P",
            "IsFirstStep": true,
            "IsLastStep": false,
            "IsDruidTemplate": false,
            "Message": "Nice meeting you, Enter the City Name for Weather details",
            "MessageSpeak": null,
            "Metadata": "{\"postActions\":[{\"orderNo\":0,\"id\":\"ed4a6cba-6613-4446-8c84-f3eaf6638225\",\"name\":\"GetWeather\",\"description\":\"GetWeather\",\"inEntityName\":\"UiPathRequest\",\"outEntityName\":\"UiPathRequest\"}],\"setVariables\":[{\"left\":\"[[UiPathRequest]].Weather\",\"right\":\"[[Weather]]\"},{\"left\":\"[[UiPathRequest]].ReponseUserID\",\"right\":\"[[ChatUser]].MasterId\"},{\"left\":\"[[UiPathRequest]].ResponseFlowID\",\"right\":\"\\\"9eaad547-31a0-4544-97e9-c0db56f1fa35\\\"\"},{\"left\":\"[[UiPathRequest]].ResponseTenantID\",\"right\":\"[[ChatUser]].TenantId\"}]}",
            "InputMapping": "[[Weather]].CityName",
            "ContextualMapping": null,
            "Flow": null,
            "SubFlowId": null,
            "SubFlow": null,
            "NextSteps": [
              {
                "CurrentStepId": "2affeadd-972b-40e8-485d-08d9c6071cce",
                "NextStepId": "6e084cce-14cd-4fe7-4860-08d9c6071cce",
                "Condition": null,
                "NextFlowStep": null,
                "IsSystemManaged": false,
                "Translations": [],
                "TenantId": 1859,
                "Tenant": null,
                "Id": "7842f59d-413d-4884-6036-08d9c6071cd0"
              }
            ],
            "Steps1": [],
            "Translations": [],
            "TenantId": 1859,
            "Tenant": null,
            "IsRepeater": false,
            "RepeaterCollection": null,
            "Attachments": null,
            "IsSkippable": false,
            "IsBlockingInput": false,
            "IsContextualMapping": false,
            "IsWhatsAppMessage": false,
            "IsConfidential": false,
            "Id": "2affeadd-972b-40e8-485d-08d9c6071cce"
          },
          {
            "FlowId": "a81ebeba-eda7-45eb-a0a1-08d9c60cb0dc",
            "Name": "Call UiPath",
            "Type": "A",
            "IsFirstStep": false,
            "IsLastStep": true,
            "IsDruidTemplate": false,
            "Message": "Please wait until temparature is fetched...",
            "MessageSpeak": null,
            "Metadata": "{}",
            "InputMapping": null,
            "ContextualMapping": null,
            "Flow": null,
            "SubFlowId": null,
            "SubFlow": null,
            "NextSteps": [],
            "Steps1": [],
            "Translations": [],
            "TenantId": 1859,
            "Tenant": null,
            "IsRepeater": false,
            "RepeaterCollection": null,
            "Attachments": null,
            "IsSkippable": false,
            "IsBlockingInput": false,
            "IsContextualMapping": false,
            "IsWhatsAppMessage": false,
            "IsConfidential": false,
            "Id": "6e084cce-14cd-4fe7-4860-08d9c6071cce"
          }
        ],
        "SubFlowSteps": [],
        "FlowXBot": [
          {
            "BotId": "488dd96b-6d6d-4998-7a35-08d9c6c8b63d",
            "Bot": null,
            "FlowId": "a81ebeba-eda7-45eb-a0a1-08d9c60cb0dc",
            "Flow": null,
            "Id": "66e5ac56-f483-4336-38f9-08d9c60cb0e0"
          }
        ],
        "RoleXFlow": [
          {
            "FlowId": "a81ebeba-eda7-45eb-a0a1-08d9c60cb0dc",
            "Flow": null,
            "RoleId": 5929,
            "Role": null,
            "Id": "c61aef22-631d-4c85-c779-08d9c60cb786"
          },
          {
            "FlowId": "a81ebeba-eda7-45eb-a0a1-08d9c60cb0dc",
            "Flow": null,
            "RoleId": 5930,
            "Role": null,
            "Id": "f2c5daf1-39ea-4ba8-c77a-08d9c60cb786"
          }
        ],
        "Translations": null,
        "AlertSubscriptions": null,
        "AlertExecutions": null,
        "IsQnA": false,
        "IsSmallTalk": false,
        "Id": "a81ebeba-eda7-45eb-a0a1-08d9c60cb0dc"
      },
      "Type": "Flow"
    },
    {
      "Entity": {
        "Code": "UiPath_Default",
        "_ConnectionConfig": "{\"$type$\":\"UiPathConnectionConfig:V4\",\"IsUtc\":false}",
        "QueueWorkersPollSize": null,
        "ConnectorId": "2ecf2c2d-911b-4ec1-8bfd-83dac8c83af7",
        "Connector": null,
        "TenantId": 1859,
        "Tenant": null,
        "BotId": "488dd96b-6d6d-4998-7a35-08d9c6c8b63d",
        "Bot": null,
        "SourceId": "04db5943-8d42-4eeb-bf4d-8427384efbe4",
        "ConnectionConfig": {
          "SecurityConfig": null,
          "$type$": "UiPathConnectionConfig:V4",
          "IsUtc": false
        },
        "Id": "e5fdf526-bf8a-4f09-a8af-c8bc7c2e3a4f"
      },
      "Type": "TenantConnector"
    },
    {
      "Entity": {
        "TenantId": 1859,
        "Tenant": null,
        "Schedule": null,
        "SourceId": "3d8cfc8e-38aa-484d-a0e9-e853d432aef0",
        "Name": "Not found",
        "IsAlert": false,
        "IsPullInfo": false,
        "IsReport": false,
        "IsTask": false,
        "IsForm": false,
        "IsDruidTemplate": false,
        "IsAutoStart": false,
        "IsAuthenticationFlow": false,
        "IsAuthenticationRequired": false,
        "IsScheduled": false,
        "Description": "Not found",
        "Utterances": "Not found",
        "ParentFlowId": null,
        "Category": "Not found",
        "FlowSteps": [],
        "SubFlowSteps": [],
        "FlowXBot": [
          {
            "BotId": "488dd96b-6d6d-4998-7a35-08d9c6c8b63d",
            "Bot": null,
            "FlowId": "aa23e225-4484-4645-a0a2-08d9c60cb0dc",
            "Flow": null,
            "Id": "476233bc-019e-4e98-38fa-08d9c60cb0e0"
          }
        ],
        "RoleXFlow": [
          {
            "FlowId": "aa23e225-4484-4645-a0a2-08d9c60cb0dc",
            "Flow": null,
            "RoleId": 5929,
            "Role": null,
            "Id": "6b92253a-072d-40b7-c77b-08d9c60cb786"
          },
          {
            "FlowId": "aa23e225-4484-4645-a0a2-08d9c60cb0dc",
            "Flow": null,
            "RoleId": 5930,
            "Role": null,
            "Id": "34c15ed6-2287-4cd4-c77c-08d9c60cb786"
          }
        ],
        "Translations": null,
        "AlertSubscriptions": null,
        "AlertExecutions": null,
        "IsQnA": false,
        "IsSmallTalk": false,
        "Id": "aa23e225-4484-4645-a0a2-08d9c60cb0dc"
      },
      "Type": "Flow"
    },
    {
      "Entity": {
        "Name": "Weather",
        "AssemblyName": null,
        "ClassName": null,
        "TenantId": 1859,
        "Tenant": null,
        "SourceId": "83495dc6-1d0b-4b56-9306-725c38581ae7",
        "SourceHash": null,
        "Category": "Weather",
        "Utterances": null,
        "EntityFields": [
          {
            "Name": "CityName",
            "IsPK": false,
            "IsNullable": false,
            "Length": 0,
            "EntityMetadataId": "a749d6cd-bfe0-41e8-0f8a-08d9c6136f06",
            "EntityMetadata": null,
            "ReferencedEntityId": null,
            "ReferencedEntity": null,
            "ReferenceToId": null,
            "ReferenceTo": null,
            "ReferenceFromId": null,
            "ReferenceFrom": null,
            "SourceId": "5b309f81-835d-4a29-a85d-f9b528765970",
            "SourceHash": null,
            "DataTypeId": "00000000-0000-0000-0009-000000000000",
            "DataType": null,
            "BusinessDataTypeId": "00000000-0000-0009-0009-000000000000",
            "BusinessDataType": null,
            "TenantId": 1859,
            "Tenant": null,
            "IsCollection": false,
            "ReferencedEntityName": null,
            "ConnectorActions": null,
            "Id": "2f8c7f65-c8ce-4b6e-15c4-08d9c6139189"
          },
          {
            "Name": "Temprature",
            "IsPK": false,
            "IsNullable": false,
            "Length": 0,
            "EntityMetadataId": "a749d6cd-bfe0-41e8-0f8a-08d9c6136f06",
            "EntityMetadata": null,
            "ReferencedEntityId": null,
            "ReferencedEntity": null,
            "ReferenceToId": null,
            "ReferenceTo": null,
            "ReferenceFromId": null,
            "ReferenceFrom": null,
            "SourceId": "a01de103-d918-4064-a3ef-74c83d146c90",
            "SourceHash": null,
            "DataTypeId": "00000000-0000-0000-0003-000000000000",
            "DataType": null,
            "BusinessDataTypeId": "00000000-0000-0003-0003-000000000000",
            "BusinessDataType": null,
            "TenantId": 1859,
            "Tenant": null,
            "IsCollection": false,
            "ReferencedEntityName": null,
            "ConnectorActions": null,
            "Id": "f809afd6-e3cc-4e03-15c5-08d9c6139189"
          },
          {
            "Name": "Date",
            "IsPK": false,
            "IsNullable": false,
            "Length": 0,
            "EntityMetadataId": "a749d6cd-bfe0-41e8-0f8a-08d9c6136f06",
            "EntityMetadata": null,
            "ReferencedEntityId": null,
            "ReferencedEntity": null,
            "ReferenceToId": null,
            "ReferenceTo": null,
            "ReferenceFromId": null,
            "ReferenceFrom": null,
            "SourceId": "7740c2c3-b106-4cda-9bb3-53c9666e352f",
            "SourceHash": null,
            "DataTypeId": "00000000-0000-0000-0007-000000000000",
            "DataType": null,
            "BusinessDataTypeId": "00000000-0003-0007-0007-000000000000",
            "BusinessDataType": null,
            "TenantId": 1859,
            "Tenant": null,
            "IsCollection": false,
            "ReferencedEntityName": null,
            "ConnectorActions": null,
            "Id": "5b5ea6cf-493d-47f3-15c6-08d9c6139189"
          }
        ],
        "ReferencedFields": [],
        "Connectors": null,
        "ConnectorActions": null,
        "ConnectorActionRequest": null,
        "ConnectorActionResponse": null,
        "BotXEntity": [
          {
            "BotId": "488dd96b-6d6d-4998-7a35-08d9c6c8b63d",
            "Bot": null,
            "EntityMetadataId": "a749d6cd-bfe0-41e8-0f8a-08d9c6136f06",
            "EntityMetadata": null,
            "IsNLP": false,
            "TrainingSource": null,
            "MatchingFields": null,
            "TrainingSchedule": null,
            "IsScheduled": false,
            "TrainStatus": null,
            "TrainStatusFlag": 0,
            "LastTrainStartedOn": null,
            "LastTrainedOn": null,
            "UiPathDataServiceMapping": null,
            "_TrainStatus": null,
            "_MatchingFields": null,
            "_TrainingSource": null,
            "Config": null,
            "_Config": null,
            "Id": "eb7cea43-a58c-4822-9cb6-08d9c6136f06"
          }
        ],
        "Id": "a749d6cd-bfe0-41e8-0f8a-08d9c6136f06"
      },
      "Type": "EntityMetadata"
    },
    {
      "Entity": {
        "Name": "UiPathRequest",
        "AssemblyName": null,
        "ClassName": null,
        "TenantId": 1859,
        "Tenant": null,
        "SourceId": "fe3de18b-6aee-4cc0-bbda-2e85983ebaa6",
        "SourceHash": null,
        "Category": "UIPATH",
        "Utterances": null,
        "EntityFields": [
          {
            "Name": "Weather",
            "IsPK": false,
            "IsNullable": false,
            "Length": 0,
            "EntityMetadataId": "cbfb3d72-5bda-4cbe-0f8b-08d9c6136f06",
            "EntityMetadata": null,
            "ReferencedEntityId": "a749d6cd-bfe0-41e8-0f8a-08d9c6136f06",
            "ReferencedEntity": null,
            "ReferenceToId": null,
            "ReferenceTo": null,
            "ReferenceFromId": null,
            "ReferenceFrom": null,
            "SourceId": "a0701743-b313-4449-8b36-b38b08f09557",
            "SourceHash": null,
            "DataTypeId": "00000000-0000-0000-0001-000000000000",
            "DataType": null,
            "BusinessDataTypeId": "00000000-0000-0001-0001-000000000000",
            "BusinessDataType": null,
            "TenantId": 1859,
            "Tenant": null,
            "IsCollection": false,
            "ReferencedEntityName": null,
            "ConnectorActions": null,
            "Id": "48ba708b-4daf-44fc-15c7-08d9c6139189"
          },
          {
            "Name": "ReponseUserID",
            "IsPK": false,
            "IsNullable": false,
            "Length": 0,
            "EntityMetadataId": "cbfb3d72-5bda-4cbe-0f8b-08d9c6136f06",
            "EntityMetadata": null,
            "ReferencedEntityId": null,
            "ReferencedEntity": null,
            "ReferenceToId": null,
            "ReferenceTo": null,
            "ReferenceFromId": null,
            "ReferenceFrom": null,
            "SourceId": "dc2183da-e478-4865-a654-6e8d23fe385b",
            "SourceHash": null,
            "DataTypeId": "00000000-0000-0000-0009-000000000000",
            "DataType": null,
            "BusinessDataTypeId": "00000000-0000-0009-0009-000000000000",
            "BusinessDataType": null,
            "TenantId": 1859,
            "Tenant": null,
            "IsCollection": false,
            "ReferencedEntityName": null,
            "ConnectorActions": null,
            "Id": "d9e28a05-85ba-4e44-15c8-08d9c6139189"
          },
          {
            "Name": "ResponseFlowID",
            "IsPK": false,
            "IsNullable": false,
            "Length": 0,
            "EntityMetadataId": "cbfb3d72-5bda-4cbe-0f8b-08d9c6136f06",
            "EntityMetadata": null,
            "ReferencedEntityId": null,
            "ReferencedEntity": null,
            "ReferenceToId": null,
            "ReferenceTo": null,
            "ReferenceFromId": null,
            "ReferenceFrom": null,
            "SourceId": "7577c153-48fc-4896-b3df-bc520b1cddc3",
            "SourceHash": null,
            "DataTypeId": "00000000-0000-0000-0009-000000000000",
            "DataType": null,
            "BusinessDataTypeId": "00000000-0000-0009-0009-000000000000",
            "BusinessDataType": null,
            "TenantId": 1859,
            "Tenant": null,
            "IsCollection": false,
            "ReferencedEntityName": null,
            "ConnectorActions": null,
            "Id": "dc0f1a3f-0561-48ae-15c9-08d9c6139189"
          },
          {
            "Name": "ResponseTenantID",
            "IsPK": false,
            "IsNullable": false,
            "Length": 0,
            "EntityMetadataId": "cbfb3d72-5bda-4cbe-0f8b-08d9c6136f06",
            "EntityMetadata": null,
            "ReferencedEntityId": null,
            "ReferencedEntity": null,
            "ReferenceToId": null,
            "ReferenceTo": null,
            "ReferenceFromId": null,
            "ReferenceFrom": null,
            "SourceId": "b7299c96-dc7f-462c-9197-bf1d6caa0cb8",
            "SourceHash": null,
            "DataTypeId": "00000000-0000-0000-0003-000000000000",
            "DataType": null,
            "BusinessDataTypeId": "00000000-0000-0003-0003-000000000000",
            "BusinessDataType": null,
            "TenantId": 1859,
            "Tenant": null,
            "IsCollection": false,
            "ReferencedEntityName": null,
            "ConnectorActions": null,
            "Id": "c82a6281-e856-4264-15ca-08d9c6139189"
          }
        ],
        "ReferencedFields": [],
        "Connectors": null,
        "ConnectorActions": null,
        "ConnectorActionRequest": null,
        "ConnectorActionResponse": null,
        "BotXEntity": [
          {
            "BotId": "488dd96b-6d6d-4998-7a35-08d9c6c8b63d",
            "Bot": null,
            "EntityMetadataId": "cbfb3d72-5bda-4cbe-0f8b-08d9c6136f06",
            "EntityMetadata": null,
            "IsNLP": false,
            "TrainingSource": null,
            "MatchingFields": null,
            "TrainingSchedule": null,
            "IsScheduled": false,
            "TrainStatus": null,
            "TrainStatusFlag": 0,
            "LastTrainStartedOn": null,
            "LastTrainedOn": null,
            "UiPathDataServiceMapping": null,
            "_TrainStatus": null,
            "_MatchingFields": null,
            "_TrainingSource": null,
            "Config": null,
            "_Config": null,
            "Id": "7f3db6ce-3b78-4d15-9cb7-08d9c6136f06"
          }
        ],
        "Id": "cbfb3d72-5bda-4cbe-0f8b-08d9c6136f06"
      },
      "Type": "EntityMetadata"
    },
    {
      "Entity": {
        "TenantId": 1859,
        "Tenant": null,
        "Name": "GetWeather",
        "Description": "GetWeather",
        "_Tasks": "[{\"$type$\":\"AddItemToUiPathQueueConnectorTask\",\"Description\":\"GetWeather\",\"ConnectionCode\":\"UiPath_Default\",\"Id\":\"67c8fb05-9004-4e7b-bd88-1dc1ebcd9fec\",\"ToConnectorEntityMapping\":{\"NestRequestInList\":false,\"RequestType\":\"UseFieldMapping\",\"Id\":\"b515b072-cc4e-4125-9951-38da522f6a68\",\"DruidEntityName\":\"UiPathRequest\",\"DruidEntityIsCollection\":false,\"FieldMappings\":[{\"ConnectorFieldName\":\"City\",\"DruidEntityFieldName\":\"[[UiPathRequest]].Weather.CityName\"},{\"ConnectorFieldName\":\"Date\",\"DruidEntityFieldName\":\"[[UiPathRequest]].Weather.Date\"},{\"ConnectorFieldName\":\"ResponseUserID\",\"DruidEntityFieldName\":\"[[UiPathRequest]].ReponseUserID\"},{\"ConnectorFieldName\":\"ResponseFlowID\",\"DruidEntityFieldName\":\"[[UiPathRequest]].ResponseFlowID\"},{\"ConnectorFieldName\":\"ResponseTenantID\",\"DruidEntityFieldName\":\"[[UiPathRequest]].ResponseTenantID\"}]},\"FromConnectorEntityMapping\":{\"Id\":\"0224ac00-fec4-44e5-b47e-c886e8c599eb\",\"DruidEntityName\":\"UiPathRequest\",\"DruidEntityIsCollection\":false,\"FieldMappings\":[]}}]",
        "IsActive": true,
        "RequestEntityId": "cbfb3d72-5bda-4cbe-0f8b-08d9c6136f06",
        "RequestEntity": null,
        "ResponseEntityId": "cbfb3d72-5bda-4cbe-0f8b-08d9c6136f06",
        "ResponseEntity": null,
        "ResponseIsCollection": false,
        "PublishState": 1,
        "PublishDate": "2021-12-27T00:06:06.2366667",
        "_PublishErrors": null,
        "Category": "Weather",
        "IsSecurityAction": false,
        "Type": 0,
        "SourceId": "0e538ca8-2799-4218-aa31-d2132bcd0653",
        "BotId": "488dd96b-6d6d-4998-7a35-08d9c6c8b63d",
        "Bot": null,
        "PublishErrors": null,
        "EntityMetadatas": null,
        "EntityFieldMetadatas": null,
        "Id": "ed4a6cba-6613-4446-8c84-f3eaf6638225"
      },
      "Type": "ConnectorAction"
    },
    {
      "Entity": {
        "TenantId": 1859,
        "Tenant": null,
        "Schedule": null,
        "SourceId": "09764fd8-c50c-495b-b62d-2288a95788d4",
        "Name": "Weather Response",
        "IsAlert": false,
        "IsPullInfo": false,
        "IsReport": false,
        "IsTask": false,
        "IsForm": false,
        "IsDruidTemplate": false,
        "IsAutoStart": false,
        "IsAuthenticationFlow": false,
        "IsAuthenticationRequired": false,
        "IsScheduled": false,
        "Description": "Weather Response",
        "Utterances": "",
        "ParentFlowId": null,
        "Category": "Response",
        "FlowSteps": [
          {
            "FlowId": "9eaad547-31a0-4544-97e9-c0db56f1fa35",
            "Name": "Display Temparature",
            "Type": "M",
            "IsFirstStep": false,
            "IsLastStep": true,
            "IsDruidTemplate": false,
            "Message": "The temparature in [[Weather]].CityName is [[Weather]].Temprature degrees",
            "MessageSpeak": null,
            "Metadata": "{}",
            "InputMapping": null,
            "ContextualMapping": null,
            "Flow": null,
            "SubFlowId": null,
            "SubFlow": null,
            "NextSteps": [],
            "Steps1": [],
            "Translations": [],
            "TenantId": 1859,
            "Tenant": null,
            "IsRepeater": false,
            "RepeaterCollection": null,
            "Attachments": null,
            "IsSkippable": false,
            "IsBlockingInput": false,
            "IsContextualMapping": false,
            "IsWhatsAppMessage": false,
            "IsConfidential": false,
            "Id": "30f16b87-db1f-4b89-b86a-6dc767410695"
          }
        ],
        "SubFlowSteps": [],
        "FlowXBot": [
          {
            "BotId": "488dd96b-6d6d-4998-7a35-08d9c6c8b63d",
            "Bot": null,
            "FlowId": "9eaad547-31a0-4544-97e9-c0db56f1fa35",
            "Flow": null,
            "Id": "38bedf67-4d09-4350-9e31-4582b964bd1f"
          }
        ],
        "RoleXFlow": [
          {
            "FlowId": "9eaad547-31a0-4544-97e9-c0db56f1fa35",
            "Flow": null,
            "RoleId": 5929,
            "Role": null,
            "Id": "801a93b7-c657-432a-b5e8-a6f4f9f8d2a0"
          },
          {
            "FlowId": "9eaad547-31a0-4544-97e9-c0db56f1fa35",
            "Flow": null,
            "RoleId": 5930,
            "Role": null,
            "Id": "377190b8-7e02-407f-9455-b85748120cb2"
          }
        ],
        "Translations": null,
        "AlertSubscriptions": null,
        "AlertExecutions": null,
        "IsQnA": false,
        "IsSmallTalk": false,
        "Id": "9eaad547-31a0-4544-97e9-c0db56f1fa35"
      },
      "Type": "Flow"
    }
  ],
  "ExternalReferences": [
    {
      "Id": "5929",
      "ParentId": "a81ebeba-eda7-45eb-a0a1-08d9c60cb0dc",
      "Name": "Admin",
      "SourceId": null,
      "ParentName": "Weather",
      "Type": "Role",
      "ParentType": "Flow",
      "ParentSourceId": "0f04c460-150b-4b0e-b7f6-fcf6a1c5ad0f",
      "ExistsInTenant": true
    },
    {
      "Id": "5930",
      "ParentId": "a81ebeba-eda7-45eb-a0a1-08d9c60cb0dc",
      "Name": "User",
      "SourceId": null,
      "ParentName": "Weather",
      "Type": "Role",
      "ParentType": "Flow",
      "ParentSourceId": "0f04c460-150b-4b0e-b7f6-fcf6a1c5ad0f",
      "ExistsInTenant": true
    },
    {
      "Id": "86ffbad9-7460-40ce-8afc-163b49640f33",
      "ParentId": "2affeadd-972b-40e8-485d-08d9c6071cce",
      "Name": "ChatUser",
      "SourceId": "f1e235dc-0ba6-4203-8553-d33492150b5e",
      "ParentName": "Nice Meeting",
      "Type": "EntityMetadata",
      "ParentType": "FlowStep",
      "ParentSourceId": null,
      "ExistsInTenant": true
    },
    {
      "Id": "5929",
      "ParentId": "aa23e225-4484-4645-a0a2-08d9c60cb0dc",
      "Name": "Admin",
      "SourceId": null,
      "ParentName": "Not found",
      "Type": "Role",
      "ParentType": "Flow",
      "ParentSourceId": "3d8cfc8e-38aa-484d-a0e9-e853d432aef0",
      "ExistsInTenant": true
    },
    {
      "Id": "5930",
      "ParentId": "aa23e225-4484-4645-a0a2-08d9c60cb0dc",
      "Name": "User",
      "SourceId": null,
      "ParentName": "Not found",
      "Type": "Role",
      "ParentType": "Flow",
      "ParentSourceId": "3d8cfc8e-38aa-484d-a0e9-e853d432aef0",
      "ExistsInTenant": true
    },
    {
      "Id": "5929",
      "ParentId": "9eaad547-31a0-4544-97e9-c0db56f1fa35",
      "Name": "Admin",
      "SourceId": null,
      "ParentName": "Weather Response",
      "Type": "Role",
      "ParentType": "Flow",
      "ParentSourceId": "09764fd8-c50c-495b-b62d-2288a95788d4",
      "ExistsInTenant": true
    },
    {
      "Id": "5930",
      "ParentId": "9eaad547-31a0-4544-97e9-c0db56f1fa35",
      "Name": "User",
      "SourceId": null,
      "ParentName": "Weather Response",
      "Type": "Role",
      "ParentType": "Flow",
      "ParentSourceId": "09764fd8-c50c-495b-b62d-2288a95788d4",
      "ExistsInTenant": true
    }
  ],
  "DocumentTemplates": [],
  "OriginalBotLanguages": [
    {
      "Name": "en-US",
      "IsDefault": true,
      "Icon": "famfamfam-flags us",
      "Id": 220
    }
  ],
  "BotLanguagesXSolutionLanguages": {}
}